Handle,Posted,Text,Deleted,Uri,Images
joshnicholas.com,2024-12-07,Lovely sunny day in Geelong #scribble,False,at://did:plc:3kqj3ksyfct7pip5j5dnmjcu/app.bsky.feed.post/3lcqu6dvli22t,bafkreiduwnov34bdc3xg52wcjzdn2ooqkh4mkeace7putoxomvdobz4rpi.jpg
joshnicholas.com,2024-12-07,Why do they water the grass before a fÃ¼ssball game? Doesn't that just make it slippery?,False,at://did:plc:3kqj3ksyfct7pip5j5dnmjcu/app.bsky.feed.post/3lcp7eo7rxk24,bafkreic2o3zwif6qfovm6sdfwb7aciujewzy2hskull4i2dimzlrp22j6e.jpg
joshnicholas.com,2024-12-06,Just took our cricket quiz again after two years and I've forgotten everything :( www.theguardian.com/sport/2023/j...,False,at://did:plc:3kqj3ksyfct7pip5j5dnmjcu/app.bsky.feed.post/3lcmqvl6ams27,bafkreiaweb5dbq2sz7zb5yj42dv2lxfph5gfuygfhcld6d3hi3a3qy4jzq.jpgbafkreieovt6elhsruwptjxlzirlm7wqa3rxcfx5mwf474fehl63lsqvlpe.jpg
joshnicholas.com,2024-12-04,We were promised flying cars... restofworld.org/2024/uber-sh...,False,at://did:plc:3kqj3ksyfct7pip5j5dnmjcu/app.bsky.feed.post/3lcj7i3lq7k2x,bafkreicyq2wnxmc2bp5exnpf6ttm4bfsspxwdqwj6tikgnvb6vkhbpnz5i.jpg
joshnicholas.com,2024-12-04,Next #scribble vocab word(s): igena gannava,False,at://did:plc:3kqj3ksyfct7pip5j5dnmjcu/app.bsky.feed.post/3lcj4rsezp22w,bafkreiahg6cum5xsy4qti3ezkwkhgdheyihf5puvgopougel25rugnkjta.jpg
joshnicholas.com,2024-12-04,This chap has been waiting for someone for a while #scribble,False,at://did:plc:3kqj3ksyfct7pip5j5dnmjcu/app.bsky.feed.post/3lcixfsxcxc2w,bafkreiaist7i2on52yxk7ib74gdi4rter4mwhvgckt7rudxclgxagndlcu.jpg
joshnicholas.com,2024-12-03,Amazing that the Verge's new subscription supports full text rss. Long live rss! www.theverge.com/subscribe,False,at://did:plc:3kqj3ksyfct7pip5j5dnmjcu/app.bsky.feed.post/3lcgngigozk2g,bafkreifvj53ljl3mle4k6dq36ufdtrkurbjifr7fr3qtfri43lrhwdzhpq.jpg
joshnicholas.com,2024-12-03,Next #scribble vocab word: kanava,False,at://did:plc:3kqj3ksyfct7pip5j5dnmjcu/app.bsky.feed.post/3lcgltorvyc2l,bafkreibj7u4rxw6lb2axwlb7yjb3xdhlmkwcdrzzmdobolwur3s4j4u75u.jpg
joshnicholas.com,2024-12-02,#scribble 4: ka-thaa karanava,False,at://did:plc:3kqj3ksyfct7pip5j5dnmjcu/app.bsky.feed.post/3lce3iojad224,bafkreiasucistwpt5erdxie6pb6x24nzzaonqi3wkcg5ljofhjrj4qzr24.jpg
joshnicholas.com,2024-12-02,Ok I'm back on it. #Scribble 3:,False,at://did:plc:3kqj3ksyfct7pip5j5dnmjcu/app.bsky.feed.post/3lce2n7j6o224,bafkreic6qlpz5nkur2g7cagtpirx47ewqmxgesx2yzfurficd47ngynhm4.jpg
joshnicholas.com,2024-12-02,"Even in the most interesting season in a ~decade, F1's secondary storylines are often so much more interesting/headline grabbing than the actual racing... Don't know how sustainable this is for a sport.",False,at://did:plc:3kqj3ksyfct7pip5j5dnmjcu/app.bsky.feed.post/3lcbuvxn42k2n,bafkreihrqfbfjorsym5zxz32z2ug4q5sxejyh6olbasmyg6pc3ffne3zb4.jpg
joshnicholas.com,2024-12-01,Also this graphic. Using data from @francismarkham.work,False,at://did:plc:3kqj3ksyfct7pip5j5dnmjcu/app.bsky.feed.post/3lcbslsiu622x,bafkreidfddvkiis36v6voxmkhekbzyfntojyp4ncc2alymu24clixmsizm.jpgbafkreidybvhrqlty7ex3wjvzrbvuoeu2qi3h3b4vo6flti7y4z5tl2hoea.jpgbafkreicvax3nj53jgdzcaeenbtglew5ympt5sdyk6drbuki4g5rwfehhku.jpgbafkreifd3lzph332ymzra4kzygcg3fcxy5fhxc34xalw4zlqem5gbinsay.jpg
joshnicholas.com,2024-11-30,Tried redrawing on my iPad and mucked up the hands,False,at://did:plc:3kqj3ksyfct7pip5j5dnmjcu/app.bsky.feed.post/3lc5qdhvje22o,bafkreicsxzosmxshcbrkqiopx45iez5usw3sdkbspzxqqqxujxub7cnova.jpg
joshnicholas.com,2024-02-17,It sprung!,False,at://did:plc:3kqj3ksyfct7pip5j5dnmjcu/app.bsky.feed.post/3klnhl2jyta2k,bafkreihnhin3ktxu7qmy7cskxtoc7te6pkp3v47sybg75kz7ses46anxqm.jpg
joshnicholas.com,2024-02-03,Blue earring,False,at://did:plc:3kqj3ksyfct7pip5j5dnmjcu/app.bsky.feed.post/3kkka6uuhu22r,bafkreicqvsi7j6kqd2yzembeququdkcsjzh3l5hcuc3p4rvnic5krgirkm.jpg
joshnicholas.com,2024-01-29,Knitter,False,at://did:plc:3kqj3ksyfct7pip5j5dnmjcu/app.bsky.feed.post/3kk4bh75ss22j,bafkreibhr22ev4ann4sbprb3qtsampur6n2ipl27illpfeimbojgh6bihi.jpg
joshnicholas.com,2024-01-25,Another gloomy Melbourne day,False,at://did:plc:3kqj3ksyfct7pip5j5dnmjcu/app.bsky.feed.post/3kjs3svpej22r,bafkreibj7myqhqokkfnyvzessuczhimytsbuluihcdoikgwba2mhp4jbri.jpg
joshnicholas.com,2024-01-24,Might be missing Sydney,False,at://did:plc:3kqj3ksyfct7pip5j5dnmjcu/app.bsky.feed.post/3kjpo2jnntr2x,bafkreihjsu4gmxsenvtsoukmfid6jsopkmvegqfxhbna5adlwh6x2bzayy.jpg
joshnicholas.com,2024-01-23,Didnâ€™t rise properly today :(,False,at://did:plc:3kqj3ksyfct7pip5j5dnmjcu/app.bsky.feed.post/3kjokf5b4cg2w,bafkreigxbttqeix6kwh767fmz6t2igxgowaoazop2ifwpkue6kuqfh2uwq.jpg
joshnicholas.com,2024-01-21,The youngâ€™ns have it too good politicalcalculations.blogspot.com/2024/01/tâ€¦,False,at://did:plc:3kqj3ksyfct7pip5j5dnmjcu/app.bsky.feed.post/3kjjjb5njcz2x,bafkreihrad4kgglx3eseyjvhg2k33omnvwnatlahah6cshyio4ij6wo5bq.jpg
joshnicholas.com,2024-01-18,Parliament poking through the trees,False,at://did:plc:3kqj3ksyfct7pip5j5dnmjcu/app.bsky.feed.post/3kj7zwhgr5z2g,bafkreide3me2zpgdyyuv2alknpffmluqw4hj4ppxez2bmqnyqfqgtcgx3q.jpg
joshnicholas.com,2024-01-18,Super sunny day in Canberra,False,at://did:plc:3kqj3ksyfct7pip5j5dnmjcu/app.bsky.feed.post/3kj7u2cgtoi2h,bafkreif4okyvalw2khbyco2ms2sqbch2v4rhazu6gr5o77gdxqulw25sge.jpg
joshnicholas.com,2024-01-17,Went to the Archibald 100 and discovered that John Howard has worn shorts at least once,False,at://did:plc:3kqj3ksyfct7pip5j5dnmjcu/app.bsky.feed.post/3kj5swavt742i,bafkreiglldskkah7hfggvfkndw3p5kz5gxzu6gpgnhka4snehzwmctqgcm.jpg
joshnicholas.com,2024-01-17,"My last scribble from Sydney - a misty, sodden CBD from Watsons Bay",False,at://did:plc:3kqj3ksyfct7pip5j5dnmjcu/app.bsky.feed.post/3kj5iuzeo3527,bafkreig2ikvgpyenlfrbgk3s2xzwe6qbqtsdm23tx6cnbnoaye2yzw654q.jpg
joshnicholas.com,2024-01-15,Never ending cruises,False,at://did:plc:3kqj3ksyfct7pip5j5dnmjcu/app.bsky.feed.post/3kiy7xyhw2j2n,bafkreib55q5mdqpzyk6mmdwra6djneccnnnsamvo52wa6l7u744qog5coq.jpg
joshnicholas.com,2024-01-14,Just finished before we got rained out,False,at://did:plc:3kqj3ksyfct7pip5j5dnmjcu/app.bsky.feed.post/3kivxrhflel2g,bafkreibxajet3nrt5gkbb53unhpggd7ec6pl3ivw5ul4wxaax6qbwuvxdi.jpg
joshnicholas.com,2024-01-11,First day of holidays!,False,at://did:plc:3kqj3ksyfct7pip5j5dnmjcu/app.bsky.feed.post/3kiqilnvm5k2n,bafkreihh5sxoit2p3sewxssffcibjg4nwbl53rhatngg6qkdyyo7y6mchm.jpg
joshnicholas.com,2024-01-06,Eternal quest to paint a portrait picture that looks (more) like me,False,at://did:plc:3kqj3ksyfct7pip5j5dnmjcu/app.bsky.feed.post/3kibrsd6nmk2r,bafkreiea5bobt7wxdljpu7bpdxggcty446kxkeyurkripl27xm2fzeo32y.jpg
joshnicholas.com,2024-01-04,We should all be so lucky www.theguardian.com/australiaâ€¦,False,at://did:plc:3kqj3ksyfct7pip5j5dnmjcu/app.bsky.feed.post/3ki6svmm7762h,bafkreiglco7rysknkjarpqjtdhsjavaqgazj4x3ypbfsi7ygfi2grp43mm.jpg
joshnicholas.com,2024-01-04,An all time Press release intro,False,at://did:plc:3kqj3ksyfct7pip5j5dnmjcu/app.bsky.feed.post/3ki4ivpd6732v,bafkreicwkibzx2qhbbjyrezqffn3kppjs6z5wugk7ml6chah7q2xgqkg4m.jpg
joshnicholas.com,2024-01-02,Painted a rando from a magazine cover,False,at://did:plc:3kqj3ksyfct7pip5j5dnmjcu/app.bsky.feed.post/3khybafwdlf2o,bafkreigkkzt7ond2hthhy5eobmtgptcveoaz4igv7edbufsxgee4s5wllm.jpg
joshnicholas.com,2024-01-01,Why is Apple so insistent that I call my mum by name? Is this a California thing?,False,at://did:plc:3kqj3ksyfct7pip5j5dnmjcu/app.bsky.feed.post/3khx77p6nhd2n,bafkreidywk7chhsb7acpxleoy7ribmlkyd5wnxyb7uhj7ihjiigyvsrhji.jpg
joshnicholas.com,2024-01-01,Every time I draw my uncle his neck gets longer. Gonna be a giraffe soon,False,at://did:plc:3kqj3ksyfct7pip5j5dnmjcu/app.bsky.feed.post/3khvwknbqn22b,bafkreidlyomu6ikweidhnwtrd2kzeewwnkhv7wzi3saptm32dnwsgn62xm.jpg
joshnicholas.com,2023-12-31,Final painting of the year! Been trying to paint my uncle for ages,False,at://did:plc:3kqj3ksyfct7pip5j5dnmjcu/app.bsky.feed.post/3khtek55uz32h,bafkreiadzdpntkl6m6sgkk4wvgvv6wpv3hpdmlsbhonnjybvvjuhu3udwm.jpg
joshnicholas.com,2023-12-25,Need some tips for getting cleaner lines when doing a super strong wash,False,at://did:plc:3kqj3ksyfct7pip5j5dnmjcu/app.bsky.feed.post/3khe4q4oaje2z,bafkreidojzu5blsduud2vcs2upui3vh5a3ifeml7apzeccjdzaojtrnyfy.jpg
joshnicholas.com,2023-12-25,Not a good likeness :(,False,at://did:plc:3kqj3ksyfct7pip5j5dnmjcu/app.bsky.feed.post/3khe3gphmsk2p,bafkreigralj5m2bpiu6vcjwwbinkq5kdxujo4tvboqqgqvw4nus7yuznxq.jpg
joshnicholas.com,2023-12-25,New favourite word: pestiferous www.theguardian.com/environmeâ€¦,False,at://did:plc:3kqj3ksyfct7pip5j5dnmjcu/app.bsky.feed.post/3khdo3cel3u23,bafkreibnvcquqbbhgqya6ratevnchhu5j4m5su5b2la3zxc52rohph2mwq.jpg
joshnicholas.com,2023-12-23,Serious warpage,False,at://did:plc:3kqj3ksyfct7pip5j5dnmjcu/app.bsky.feed.post/3kh6y2nszos2n,bafkreiepjjgtrwjyvxu52c2fgrw2mok5i4kkfdpifrtzheaamytt5jnb4e.jpg
joshnicholas.com,2023-12-23,Scribbling starting to come back,False,at://did:plc:3kqj3ksyfct7pip5j5dnmjcu/app.bsky.feed.post/3kh6uocwxnt26,bafkreicqbsma7kozfxqcvcy22iaf76uv6gq4a5mhxm7dnx5i4jhbeabvm4.jpg
joshnicholas.com,2023-11-20,Might be grasping at straws because I very enjoy the programming parts of my job. But this gives me hope it isnâ€™t going to be automated away in the short term thereader.mitpress.mit.edu/will-ai-râ€¦,False,at://did:plc:3kqj3ksyfct7pip5j5dnmjcu/app.bsky.feed.post/3kenj7rwpkt2f,bafkreiaohmfa7ef43wr33xnaqns6gfi4725aoqeufrxixngjaxx35bxany.jpgbafkreif6bgjp2bamcwegdvzfb5qcrrahazh2brazxmtykuf6l4gwgtragq.jpg
joshnicholas.com,2023-11-12,Also rainy Melbourne not appreciating my quick sketch of rainy Melbourne,False,at://did:plc:3kqj3ksyfct7pip5j5dnmjcu/app.bsky.feed.post/3kdzhic52zs25,bafkreihd4cfqaqsvjyehin5nhdgv7sgfwyfgtnbb2rftzhj2uq7mpex23y.jpg
joshnicholas.com,2023-11-12,Ok. Going to fill a sketchbook with hands.,False,at://did:plc:3kqj3ksyfct7pip5j5dnmjcu/app.bsky.feed.post/3kdzh2bgr7l2q,bafkreibyesdiu2ku4o4ob63z27ntbdi7kffm5o4w53blmbq4xjwvabbggi.jpg
joshnicholas.com,2023-11-06,Still going! Inktober 20: Frost,False,at://did:plc:3kqj3ksyfct7pip5j5dnmjcu/app.bsky.feed.post/3kdj7wsoivb2e,bafkreierqufy7ykmwlimjqx6do5bzgbcd2dw3hhvxiy3azvmodj7xkhsua.jpg
joshnicholas.com,2023-11-02,Still going! Inktober 18: saddle,False,at://did:plc:3kqj3ksyfct7pip5j5dnmjcu/app.bsky.feed.post/3kdaarivbgc2v,bafkreiclnuvcmf7bmc7wnv5p56xwuf6i5wdjgrf2iwszmut7w2pidoo47e.jpg
joshnicholas.com,2023-11-01,Still catching up! Inktober 17: Demon,False,at://did:plc:3kqj3ksyfct7pip5j5dnmjcu/app.bsky.feed.post/3kd4howcq272u,bafkreic63g4ybdx3u3tk35ctkgb2iurb2inrr2ciwub3lwa7s5h6in7aiy.jpg
joshnicholas.com,2023-10-25,This one didnâ€™t really work. But hereâ€™s inktober 16: angel,False,at://did:plc:3kqj3ksyfct7pip5j5dnmjcu/app.bsky.feed.post/3kcm4ijxn242f,bafkreieflroiqd6qcaa4ravdasu6j6ku5tndl5qraaeena3qvawfx2ivuy.jpg
joshnicholas.com,2023-10-24,Inktober 15: dagger,False,at://did:plc:3kqj3ksyfct7pip5j5dnmjcu/app.bsky.feed.post/3kcjhw2zkky23,bafkreiafihlfshhhqgr5zyaulrvl4fl25wkt25m4xsyxl4vko4mpcxbqfu.jpg
joshnicholas.com,2023-10-23,Still catching up. Inktobers 13 & 14: Rise and Castle,False,at://did:plc:3kqj3ksyfct7pip5j5dnmjcu/app.bsky.feed.post/3kcgzjj76nl2x,bafkreifabjvzcuxscm4ctj6677q2u32fwc5cfmiuwbk2uz6kmlmr355dge.jpg
joshnicholas.com,2023-10-20,I might actually watch football if they did this www.theguardian.com/commentisâ€¦,False,at://did:plc:3kqj3ksyfct7pip5j5dnmjcu/app.bsky.feed.post/3kc5jpknryl2e,bafkreihfpymd3u3stnwaxiulew6qnqkinpmyzaj2njmzzap4hyf5lf4gg4.jpg
joshnicholas.com,2023-10-19,Lovely warm day today so hereâ€™s inktober 11: Wander.,False,at://did:plc:3kqj3ksyfct7pip5j5dnmjcu/app.bsky.feed.post/3kc3okcbzab2u,bafkreifconaqxmxnjo3or2ci54adikjcanzsbqtgtodvbs6nyq5rfdp36y.jpg
joshnicholas.com,2023-10-18,Inktober 10: fortune. Still canâ€™t do hands.,False,at://did:plc:3kqj3ksyfct7pip5j5dnmjcu/app.bsky.feed.post/3kc2kbe7cfd2u,bafkreie5bc5rpjawzwtqrami3z7kt4wftdas4w6lzaybt6ufghikns3ieu.jpg
joshnicholas.com,2023-10-17,Still really behind on Inktober. Prob wonâ€™t finish in October. Anyway #9: bounce,False,at://did:plc:3kqj3ksyfct7pip5j5dnmjcu/app.bsky.feed.post/3kbxygpp2s22y,bafkreigvtes5r5rpox2ekclsfsq5hzxyydunbarcvd2xi6kb5h2eymyp6a.jpg
joshnicholas.com,2023-10-15,Castlemaine is lovely. Although you wouldnâ€™t know it from how I screwed up the perspective,False,at://did:plc:3kqj3ksyfct7pip5j5dnmjcu/app.bsky.feed.post/3kbqu4f2cef27,bafkreicee72gxcevswa7242hiytjbw3jrwkeo2g3oedr2wrgybbneqsdtu.jpg
joshnicholas.com,2023-10-13,Very windy in Bendigo today ðŸ˜¬ðŸ˜¬ðŸ˜¬,False,at://did:plc:3kqj3ksyfct7pip5j5dnmjcu/app.bsky.feed.post/3kblsui7xc62d,bafkreidqduoirjav6cyhhzwp4t3smpkoynibex6bkt7kk65od33phq5szq.jpg
joshnicholas.com,2023-10-12,Inktober 8: couldnâ€™t think of a way to do toad so I just did a green painting ðŸ¤”,False,at://did:plc:3kqj3ksyfct7pip5j5dnmjcu/app.bsky.feed.post/3kbjqkdvpdj2m,bafkreihlxdeja5toa7yufyi6ydsprfccwk7dpgzreurvao2wjfaa4kwjeu.jpg
joshnicholas.com,2023-10-10,Was sick for a few days so trying to catch up. #inktober 7: drop,False,at://did:plc:3kqj3ksyfct7pip5j5dnmjcu/app.bsky.feed.post/3kbggyekcak2m,bafkreiefaleiipjhrabqaonvaubb26rqbfqhrby3gktpawkcikrepti6vm.jpg
joshnicholas.com,2023-10-05,#inktober 6: Golden,False,at://did:plc:3kqj3ksyfct7pip5j5dnmjcu/app.bsky.feed.post/3kazuvdg43h2o,bafkreie4g3o5g4ps6twmhbbdr4regvk7ygkoehfn4br7qqb5kae3t33rkm.jpg
joshnicholas.com,2023-10-05,Realised I was running a day behind so hereâ€™s #inktober 5: map. I just ripped off Anaximander from the School of Athens painting.,False,at://did:plc:3kqj3ksyfct7pip5j5dnmjcu/app.bsky.feed.post/3kayik6hhiy2h,bafkreia7orpzgzw47ww2i6vruoe4lhqcnijvqnx4a42tkz5jhzcmrs33km.jpg
joshnicholas.com,2023-10-04,If anyone wants to buy soiled plates I will happily part with mine www.theguardian.com/lifeandstâ€¦,False,at://did:plc:3kqj3ksyfct7pip5j5dnmjcu/app.bsky.feed.post/3kaxlkxz4v42p,bafkreibkpg5kmdmf3guk7zjlgk5q6atyppwvawqiem7mfwt7p5s67pzwka.jpg
joshnicholas.com,2023-10-04,Inktober day 4: Dodge,False,at://did:plc:3kqj3ksyfct7pip5j5dnmjcu/app.bsky.feed.post/3kaxexkn7bn2v,bafkreid66uewdjwalkhtzj3kdjztqe3s2gekp2wbptbh7uooi7rthljtb4.jpg
joshnicholas.com,2023-10-04,Questions that journalists should also be asking www.theguardian.com/commentisâ€¦,False,at://did:plc:3kqj3ksyfct7pip5j5dnmjcu/app.bsky.feed.post/3kavjsuqpmc24,bafkreidopwibtnslpueezo6b2wpxpzpnkdnj5im27haoshejjqef64buli.jpg
joshnicholas.com,2023-10-03,Inktober #3: Path (aka march of the blue suits),False,at://did:plc:3kqj3ksyfct7pip5j5dnmjcu/app.bsky.feed.post/3kauun5pm342j,bafkreihfrxzn5oulixcmzn7rsvmzjm23bcb2kjtp2m2ws4b7q4sguok2sq.jpg
joshnicholas.com,2023-10-02,Starting to replace Payneâ€™s grey with indigo and really loving it,False,at://did:plc:3kqj3ksyfct7pip5j5dnmjcu/app.bsky.feed.post/3kasckiq34w2r,bafkreidc7t6u6rwen7tvzzeaxbklbb7xym24l3cmnveztaukvsxl5musom.jpg
joshnicholas.com,2023-10-02,Donâ€™t know if anyone noticed but Melbourne has a fair few coffee spots. #5,False,at://did:plc:3kqj3ksyfct7pip5j5dnmjcu/app.bsky.feed.post/3kascj7dzyg2u,bafkreicfso2vyf3nleps52q2drl7ysyly6qhmkfip63j5omhgemy7cu4gi.jpg
joshnicholas.com,2023-10-02,The sun went away :(,False,at://did:plc:3kqj3ksyfct7pip5j5dnmjcu/app.bsky.feed.post/3kaqufzlh7c23,bafkreienzb7esv5k6zixlb557tw3pofg36mzal5w4phcvqik5ylfks4qhu.jpg
joshnicholas.com,2023-10-01,First Inktober: Dream. (Itâ€™s only a guitar coz I couldnâ€™t figure out how to make the composition work with a harmonica),False,at://did:plc:3kqj3ksyfct7pip5j5dnmjcu/app.bsky.feed.post/3kapt4hhz2j2f,bafkreiej3i677y4434oskjlgm5dlaqss3mv6asfewvylk5ftu26kq7oo64.jpg
joshnicholas.com,2023-09-26,Donâ€™t know if anyone noticed but Melbourne has a fair few coffee spots. #4,False,at://did:plc:3kqj3ksyfct7pip5j5dnmjcu/app.bsky.feed.post/3kadduztt572h,bafkreifl563npu54rudx7r3y3kmddb6nifz7luue24asivqswnizte5svm.jpg
joshnicholas.com,2023-09-24,Still canâ€™t do hands,False,at://did:plc:3kqj3ksyfct7pip5j5dnmjcu/app.bsky.feed.post/3ka4ets5ogi2c,bafkreihlswud2khkobfzjfw24qu753nwnvy2qg46c4r6ca5oulxywfjda4.jpg
joshnicholas.com,2023-09-24,Another sunny day today! ðŸ˜Ž,False,at://did:plc:3kqj3ksyfct7pip5j5dnmjcu/app.bsky.feed.post/3ka44ps4b6b2a,bafkreie6ch7b3ot5tygywn42ke6nnhdktfcatrnqcdikikice3rtju7uim.jpg
joshnicholas.com,2023-09-23,"Now that Iâ€™ve read this I, too, can start using â€œOrwellianâ€ as a synonym for â€œbadâ€. Also this book is quite good.",False,at://did:plc:3kqj3ksyfct7pip5j5dnmjcu/app.bsky.feed.post/3k7znk2durx2f,bafkreicyww3pyacdifqwc5i5g7riyy4vmh7po4xzjgmfvd5qabtzxnxkoa.jpg
joshnicholas.com,2023-09-21,ðŸ¤”,False,at://did:plc:3kqj3ksyfct7pip5j5dnmjcu/app.bsky.feed.post/3k7vnzwel622j,bafkreiafn273uka3arjclw2olyuwajyd7yzn3roln6gqz6hloztgl4am6i.jpg
joshnicholas.com,2023-09-19,Donâ€™t know if anyone noticed but Melbourne has a fair few coffee spots. #3,False,at://did:plc:3kqj3ksyfct7pip5j5dnmjcu/app.bsky.feed.post/3k7rqks2zc22c,bafkreihwchbvxkyik6i45iqktetopezprlmj5s5qrwjys54x3ovgblym6u.jpg
joshnicholas.com,2023-09-18,Donâ€™t know if anyone noticed but Melbourne has a fair few coffee spots. #2,False,at://did:plc:3kqj3ksyfct7pip5j5dnmjcu/app.bsky.feed.post/3k7p6ssuaw32n,bafkreibgivyalmabacenoefpx36fj5cfelt5t22bytmratbc5ghyz6blh4.jpg
joshnicholas.com,2023-09-17,Donâ€™t know if anyone noticed but Melbourne has a fair few coffee spots. #1,False,at://did:plc:3kqj3ksyfct7pip5j5dnmjcu/app.bsky.feed.post/3k7mok3jooz2u,bafkreigq6pwlntfjim6zp7fw6doqep7nxjgzgmqanuvfa7ot6micd7llpe.jpg
joshnicholas.com,2023-09-17,Lovely sunny day at the market ðŸ˜„,False,at://did:plc:3kqj3ksyfct7pip5j5dnmjcu/app.bsky.feed.post/3k7kp6jyljc2n,bafkreibukegbww7xderxxwbz4xzp22busmj7nwcbrrmid2soregy7cde54.jpg
joshnicholas.com,2023-09-06,It almost makes the Australia Tax worth it,False,at://did:plc:3kqj3ksyfct7pip5j5dnmjcu/app.bsky.feed.post/3k6qu34zisj2e,bafkreicrcoxshhcr2kw6x24pb2zf7ngwqxasah7cocwuynatldcxpdr53y.jpg
joshnicholas.com,2023-09-04,TIL the greatest poster ever exists,False,at://did:plc:3kqj3ksyfct7pip5j5dnmjcu/app.bsky.feed.post/3k6m3bp7bpg2s,bafkreiegzrljan2l4uto57reimmz24wedkzrjegh2pvtbftb63lbshilsq.jpg
joshnicholas.com,2023-09-02,A lovely sunny day!,False,at://did:plc:3kqj3ksyfct7pip5j5dnmjcu/app.bsky.feed.post/3k6ewhxpemi2j,bafkreigrtdbqrobiuwn2z7h7ulyg7ujtier5x43pbr4syeq6467o4k2foi.jpg
joshnicholas.com,2023-08-29,A couple more of the buds opened overnight ðŸ˜„â€¦ Although I mixed the colours a little too muddy ðŸ˜¬,False,at://did:plc:3kqj3ksyfct7pip5j5dnmjcu/app.bsky.feed.post/3k64y2nxa7u2e,bafkreidphuoxkso2wpqvnmyxhcbmb3hep7zt35nyroutseu5d7a4jmyslq.jpg
joshnicholas.com,2023-08-28,We got a new bunch! This one hasnâ€™t given up yet,False,at://did:plc:3kqj3ksyfct7pip5j5dnmjcu/app.bsky.feed.post/3k62f5w3mzu2o,bafkreibye4x2xj6vgdci46on7jbxfzy3cxglvqt7x54h7ptlsccwevdzee.jpg
joshnicholas.com,2023-08-26,Started a new sketchbook and project. Going to try and fill it with scenes with people. #1,False,at://did:plc:3kqj3ksyfct7pip5j5dnmjcu/app.bsky.feed.post/3k5vj2tfejt2p,bafkreiaus2dmkur42jraaqksromzav3fm7kyc6y5m2z2zbcqr2r5az3ohq.jpg
joshnicholas.com,2023-08-26,Came to see the Rembrandt exhibit and now all I can think of is light,False,at://did:plc:3kqj3ksyfct7pip5j5dnmjcu/app.bsky.feed.post/3k5tcuc3j3j23,bafkreig6vvxeq4u5hfmu2h52rqc3vn6sauw2l6sgqwhuhylg564ei3smka.jpg
joshnicholas.com,2023-08-21,Havenâ€™t done an office still life in a while,False,at://did:plc:3kqj3ksyfct7pip5j5dnmjcu/app.bsky.feed.post/3k5gqgpdjc52f,bafkreifngbhupe7mr52pj677tw7r3tmypog4s7cha52co75cwacps7plu4.jpg
joshnicholas.com,2023-08-20,"If Australiaâ€™s net overseas migration is going to remain fixed even as the population grows, what will that mean for processing times for parent visas, partner visas etc.? The wait for some parents is already over a decade and up to three decades",False,at://did:plc:3kqj3ksyfct7pip5j5dnmjcu/app.bsky.feed.post/3k5g7hiljjv2s,bafkreidfsrm7ibw6jnkjq35nmb3qrkakbtuzszlcqdmxmuzvmxmtse6xvi.jpg
joshnicholas.com,2023-08-18,Long train trip today,False,at://did:plc:3kqj3ksyfct7pip5j5dnmjcu/app.bsky.feed.post/3k5bdthbo3k26,bafkreiesq5jfauxgmvszskuefq36icwxqhjmdxrf5kxxpe72lbx5arvj7y.jpg
joshnicholas.com,2023-08-17,Very bitter coffee this morning,False,at://did:plc:3kqj3ksyfct7pip5j5dnmjcu/app.bsky.feed.post/3k56s2wrewu26,bafkreibijoh7zwzyzdopmg427olmj75elisnr2kff5qjn7s3zmtmu2cz34.jpg
joshnicholas.com,2023-08-15,Just had breakfast but am very hungry,False,at://did:plc:3kqj3ksyfct7pip5j5dnmjcu/app.bsky.feed.post/3k4zqywmfwu2r,bafkreigcony7m75kd467trwnv6pnb22drkx65zfj4xmzpzdcjtu7fqleyi.jpg
joshnicholas.com,2023-08-13,The markets again,False,at://did:plc:3kqj3ksyfct7pip5j5dnmjcu/app.bsky.feed.post/3k4svuvgnhq2n,bafkreidi7shj33j5psa2oai5utka2enrvytntj2xlcronsei4zeeyremra.jpg
joshnicholas.com,2023-08-13,Checkmate,False,at://did:plc:3kqj3ksyfct7pip5j5dnmjcu/app.bsky.feed.post/3k4ssbqtzwo2t,bafkreiaba6gvnzoykev7rntos6dxa2olanxqerglcvqxyuyapjq4yqulx4.jpg
joshnicholas.com,2023-08-12,Lost our table before I could finish :(,False,at://did:plc:3kqj3ksyfct7pip5j5dnmjcu/app.bsky.feed.post/3k4pvpinwmx2i,bafkreic3w5oldeuwogkhfuqt6li2qlcyucupbm55vcy4urqwtun2yhvidq.jpg
joshnicholas.com,2023-08-07,We bought some nice flowers but like 24 hours later theyâ€™ve completely given up,False,at://did:plc:3kqj3ksyfct7pip5j5dnmjcu/app.bsky.feed.post/3k4fnj3icfn2k,bafkreiezxc7giwcqguvq64tqknqfdcfilgfqnsl3elg6oms2pm6wfwh6ii.jpg
joshnicholas.com,2023-08-07,Have updated our Voice polling tracker. Can see more incl. methodology -> www.theguardian.com/news/dataâ€¦,False,at://did:plc:3kqj3ksyfct7pip5j5dnmjcu/app.bsky.feed.post/3k4dhecrqf225,bafkreigqzsja3ohcgqml72jwxo7ro4pz34qdar3itfffu3i7hg2iw6n6hy.jpg
joshnicholas.com,2023-08-05,Endless lines,False,at://did:plc:3kqj3ksyfct7pip5j5dnmjcu/app.bsky.feed.post/3k46bwmtqbu27,bafkreiegyh6juskrm2esd56lxwyljqrx22nsuvo3c7hoobvn5ijmxgsvxq.jpg
joshnicholas.com,2023-08-04,Quick market sketch,False,at://did:plc:3kqj3ksyfct7pip5j5dnmjcu/app.bsky.feed.post/3k465lxcgff2r,bafkreihzi2zwewzxzcxkgxfnzfuppchopttzj5l2gyp3cy6jyfgy4rxmba.jpg
joshnicholas.com,2023-08-04,If Qantas had influence over the government they would have scored billions of dollars in subsidies/bailouts over the past few years without giving the gov any equity,False,at://did:plc:3kqj3ksyfct7pip5j5dnmjcu/app.bsky.feed.post/3k43zxhpaii2z,bafkreiaqwd5dr5f2zr3rw2ni54wwfvarbrop7outcnlyys3gj3qgopcprm.jpg
joshnicholas.com,2023-08-01,Another cold morning. Why do people live here,False,at://did:plc:3kqj3ksyfct7pip5j5dnmjcu/app.bsky.feed.post/3k3wipupvqr2e,bafkreiaygnamacdvltx5i43oumin5pmljayom2p62tt7i3im4m2pgdd73y.jpg
joshnicholas.com,2023-07-31,Why plastic recycling doesnâ€™t work informationisbeautiful.net/visualizaâ€¦,False,at://did:plc:3kqj3ksyfct7pip5j5dnmjcu/app.bsky.feed.post/3k3u2n7ghkf2b,bafkreialtu3hjjehh44k5zklblbtboe46kbml4my7wpel2k7m5geyyhsqq.jpg
joshnicholas.com,2023-07-31,"More than 137k applications for parent visas stuck in the pipeline in Australia, and its grown enormously recently www.theguardian.com/world/202â€¦",False,at://did:plc:3kqj3ksyfct7pip5j5dnmjcu/app.bsky.feed.post/3k3rumekq3q2o,bafkreifjpfvffbhx66ykfek7es4ki4jqmkh4t6kdgg7ajx5ivy2ag33xie.jpg
joshnicholas.com,2023-07-26,Ok whatâ€™s up with the huge (seemingly permanent in Melbourne) sheep grazier warnings on apple weather? How big a percentage of iPhone users could sheep farmers possibly be?,False,at://did:plc:3kqj3ksyfct7pip5j5dnmjcu/app.bsky.feed.post/3k3hgznqdpy2v,bafkreiecrvp3vft7r4wabsgttgt7xiudeepxyyv547ajivizppb5ca6mni.jpg
joshnicholas.com,2023-07-25,Got to love the personal touch only a big Telco can give,False,at://did:plc:3kqj3ksyfct7pip5j5dnmjcu/app.bsky.feed.post/3k3d5lmftvh2z,bafkreiht4qvesmknuwjueviojd2pgnhrdrwqdakqo3mrpo3kbcjlpxuxby.jpg
joshnicholas.com,2023-07-24,Hell of a chart in this Bloomberg story on Super https://www.bloomberg.com/news/articles/2023-07-24/wall-street-is-partnering-with-cashed-up-fast-growing-australian-pension-funds?cmpid=BBD072423_AUSTRALIA&utm_medium=email&utm_source=newsletter&utm_term=230724&utm_campaign=australia,False,at://did:plc:3kqj3ksyfct7pip5j5dnmjcu/app.bsky.feed.post/3k3chhxbepv2l,bafkreihg4xdcqccbkcljvjlsrpll3rf4soivh5lzlh7h7ls7u4v74ln2yq.jpg
joshnicholas.com,2023-07-22,Bit of a brrrrrrrr day in Melbourne,False,at://did:plc:3kqj3ksyfct7pip5j5dnmjcu/app.bsky.feed.post/3k33bhrqmcy2v,bafkreih5iwgaaqmdukvyqqo3yafjfivdi4phc4em667qsqi33td2gdpwya.jpg
joshnicholas.com,2023-07-18,"A new study finds that 47,000 Russian combatants have died in Ukraine www.economist.com/graphic-dâ€¦",False,at://did:plc:3kqj3ksyfct7pip5j5dnmjcu/app.bsky.feed.post/3k2tgocojzm27,bafkreieeqsatzysiona7tfa7y6gecj2fn7qeolh5ms6iz36slx65jp62oa.jpg
joshnicholas.com,2023-07-18,Finally uploaded my favourite sketches from my Malaysia trip joshnicholas.com/scribbles,False,at://did:plc:3kqj3ksyfct7pip5j5dnmjcu/app.bsky.feed.post/3k2tek4f34u2e,bafkreiglsby4h6s3j5a2woebrwkzqhddpel7lab4l2dzfj553mxcm3ctfq.jpg
joshnicholas.com,2023-07-18,Got one of these fancy ergonomic mice over the weekend coz Officeworks mispriced it and damn Iâ€™m a convert.,False,at://did:plc:3kqj3ksyfct7pip5j5dnmjcu/app.bsky.feed.post/3k2rfelelgm2r,bafkreifjiw4txygvymgasgtljy4fkx7l2dzizuta33nrxjlszjftxxxfjm.jpgbafkreifoirmhy7u4bcoe25edxz7himhqu5cchrjcmssnrm4mvzofvft3pu.jpg
joshnicholas.com,2023-07-17,Apparently when American special forces are doing some operation in another country itâ€™s that countryâ€™s language that is foreign ðŸ˜‚,False,at://did:plc:3kqj3ksyfct7pip5j5dnmjcu/app.bsky.feed.post/3k2pcabdpei2t,bafkreihrfdynt7pbj6kwmpxgvqoymmepotql3rptagxixfrx7wmffqresi.jpg
joshnicholas.com,2023-07-17,Does anyone in Melbourne use Pineapple for internet? These prices and speeds seem too good to be true,False,at://did:plc:3kqj3ksyfct7pip5j5dnmjcu/app.bsky.feed.post/3k2oqundngs2c,bafkreiayxexzycepxxxtil5gw35zjure4trily3dgiri3pqx42f2xbnudy.jpg
joshnicholas.com,2023-07-17,Updated our Voice to Parliament poll tracker with latest Newspoll. Yes continues downward trend. Lots more inc. caveats here -> www.theguardian.com/news/dataâ€¦,False,at://did:plc:3kqj3ksyfct7pip5j5dnmjcu/app.bsky.feed.post/3k2oi4j5r6s2c,bafkreidjf5h7ufsak4bh6ci5t2rbomn2rihace2l2awdjnq2onfc4kgcae.jpg
joshnicholas.com,2023-07-13,The rains in India are horrific www.economist.com/graphic-dâ€¦,False,at://did:plc:3kqj3ksyfct7pip5j5dnmjcu/app.bsky.feed.post/3k2gqb33iyf2y,bafkreibis4jfnodelt2llxlwwcl23dibxupumnu4pl4fo4onwgvhkwgmzq.jpg
joshnicholas.com,2023-07-13,Apparently whenever I draw a self portrait I suddenly lose about 10kgs,False,at://did:plc:3kqj3ksyfct7pip5j5dnmjcu/app.bsky.feed.post/3k2gozysc4d2v,bafkreicsugxrz4aeekjnes7sghgaceujepj3l2tswy7fphznai2rfnebwy.jpgbafkreifonic74brpeakxkmkr6zv4b5ewhf5on3wtfothukw7gs46xidbuu.jpg
joshnicholas.com,2023-07-09,Didnâ€™t even go to Micro Camp but I got stickers :) thanks @jean,False,at://did:plc:3kqj3ksyfct7pip5j5dnmjcu/app.bsky.feed.post/3k24qw632bz2z,bafkreicltalnvw2y6lrm6grfm3alwh43y3fqdyzctdpl4qydudskf4cu5y.jpg
joshnicholas.com,2023-07-05,Testing Bluesky crossposting with another postcard portrait,False,at://did:plc:3kqj3ksyfct7pip5j5dnmjcu/app.bsky.feed.post/3jzrarhpbs626,bafkreifvyjqwo74td7v4xrsfbhszknlcq7ey3ia5zye2hh45foqcp7fj5y.jpg
joshnicholas.com,2024-11-28,#scribble 2 apparently I can (somewhat) draw hands now?,False,at://did:plc:3kqj3ksyfct7pip5j5dnmjcu/app.bsky.feed.post/3lbzyhn6kok2r,bafkreihqf3xp5tnmxmb3m27n4qsupj7jcpkhcodia47k42nf2qc76mlmcq.jpgbafkreibtxtcpmufmbutpcj45swuxciuxjm4jk6xkz227hrxjwvlpj567zm.jpg
joshnicholas.com,2024-11-28,Starting a new #scribble project today. I want to learn Sinhala. So I'm gonna go through the vocab in my book one by one and illustrate my own flash cards.,False,at://did:plc:3kqj3ksyfct7pip5j5dnmjcu/app.bsky.feed.post/3lbzulibulk23,bafkreickplyzs7xo4bm7sqeaes2jgyxyfhdurrvtvbiffnxfxxkwdzjbdu.jpgbafkreifjwfiknztnsemjjcyjr7axqxffhh3tsu4asw7x6odc4nbu22nq24.jpg
joshnicholas.com,2024-11-27,Waiting for coffee #scribble,False,at://did:plc:3kqj3ksyfct7pip5j5dnmjcu/app.bsky.feed.post/3lbxefhi7sc23,bafkreia4ssm6lbrlpxoedsh5hmbyqkvbv66wbgptj2r4ymh3itvhkoxf6y.jpg
joshnicholas.com,2024-11-25,Am very annoyed the per capita global production of coconuts has not gone up. Hoping all the top scientists are pivoting to this crisis asap ourworldindata.org/data-insight...,False,at://did:plc:3kqj3ksyfct7pip5j5dnmjcu/app.bsky.feed.post/3lbsmeged2c2l,bafkreia3hiypcztzlqrtog6stu5qgco7gx4wrdxw7rpmvrxrbftvcoutze.jpg
joshnicholas.com,2024-11-25,"Unclear, but I suspect physical paper. I've never played with General Social Survey data, unfortunately. But these are the preceding paras",False,at://did:plc:3kqj3ksyfct7pip5j5dnmjcu/app.bsky.feed.post/3lbr45psdoc22,bafkreibwbbpmmkvgaf44dtzckttgbcdnyqiy4uneuhj7hu2h5zlegd3r5u.jpg
joshnicholas.com,2024-11-25,Perfect for these times,False,at://did:plc:3kqj3ksyfct7pip5j5dnmjcu/app.bsky.feed.post/3lbqxurrv2k22,bafkreifstlq7t3cc4eyu7bjdlks5dratdvd2o2zv5jdpiu3x2h3prmcpyq.jpg
joshnicholas.com,2024-11-24,Unsurprising but still mindblowing chart www.washingtonpost.com/business/202...,False,at://did:plc:3kqj3ksyfct7pip5j5dnmjcu/app.bsky.feed.post/3lbq6g2mh4s2e,bafkreieb63xcdipqt4x4kdh5s4covonjbahieb5hq5f7vgiugj5amz6unu.jpg
joshnicholas.com,2023-09-20,Anyone know how we can expel Americans from the anglosphere? Is there a formal process or,False,at://did:plc:3kqj3ksyfct7pip5j5dnmjcu/app.bsky.feed.post/3k7ucvfnogc2h,bafkreiaj6s6axfx7nd4n32qnkonnkxy5qz2pb7jdgr6k5cibthmygb6ujy.jpg
joshnicholas.com,2023-09-17,"PSA there's a new Sri Lankan place in Melbourne CBD that's been open for two weeks and serves amazing hoppers. It's called Mr Hoppers. Terrible photo coz we ate them within seconds on getting them home, while standing in the kitchen",False,at://did:plc:3kqj3ksyfct7pip5j5dnmjcu/app.bsky.feed.post/3k7lawdums72n,bafkreib3l6scw4mr2hablnfkd5qzg7x6v66s2khk2hrnwtkc2yelluf5ye.jpg
joshnicholas.com,2023-09-10,What is wrong with us as a species that we let it get to this,False,at://did:plc:3kqj3ksyfct7pip5j5dnmjcu/app.bsky.feed.post/3k6z4n2ya3r2c,bafkreif4qx7meusrffgjeqgzuoqlnbjsaaqikvmn3n6szuj52lybv4sxka.jpg
joshnicholas.com,2023-09-07,Melbourne's weather is so vindictive it absolutely refuses to give us two sunny weekends in a row,False,at://did:plc:3kqj3ksyfct7pip5j5dnmjcu/app.bsky.feed.post/3k6rfrdkwdn2j,bafkreigkebn7asxd2mgv3jjyilpgajyamfjaing5nhygp3ncbko4xfhzcq.jpg
joshnicholas.com,2023-09-04,Our voice to parliament poll tracker has been updated. Methodology and limitations etc. can be found here -> www.theguardian.com/news/datablo...,False,at://did:plc:3kqj3ksyfct7pip5j5dnmjcu/app.bsky.feed.post/3k6jshc35yo2g,bafkreigv5t2d3fcouvot2zrgzo3y26f6ziehl7xi67ytilgc7mstah4jay.jpg
joshnicholas.com,2023-09-03,Everyone my age and older had to experience Real Hardshipsâ„¢. Everyone younger is a cartoon villain,False,at://did:plc:3kqj3ksyfct7pip5j5dnmjcu/app.bsky.feed.post/3k6jk6akpax2o,bafkreifkv77oxyc6xpp6jzhi5jjem4jzmvi3jqm2i7zujn2hzwwgss4wyq.jpg
joshnicholas.com,2023-08-24,Is this how you propagate basil (1 leaf sitting in 1L of hydroponic nutrient)? Guess we'll find out,False,at://did:plc:3kqj3ksyfct7pip5j5dnmjcu/app.bsky.feed.post/3k5qgc7afs52g,bafkreie7v66owtlcpuj5kvcqtyqinex57wsbut7k4xylh65ce5ymvvtalm.jpg
joshnicholas.com,2023-08-20,Can't think of a better combo than pol sambol and *anything else*,False,at://did:plc:3kqj3ksyfct7pip5j5dnmjcu/app.bsky.feed.post/3k5esepbx772h,bafkreih2hmb5gmo2bipynl5mf3s7sajtgz6h24e7fk6xdba7ljk7krhaym.jpg
joshnicholas.com,2023-08-12,Time for the secret weapon,False,at://did:plc:3kqj3ksyfct7pip5j5dnmjcu/app.bsky.feed.post/3k4qrjarkfs2s,bafkreidy6yzax2ahmb4msyijwreg24jdfpzwoyytssb6croestk2i7kyk4.jpg
joshnicholas.com,2023-08-05,Pushed the contrast a bit more,False,at://did:plc:3kqj3ksyfct7pip5j5dnmjcu/app.bsky.feed.post/3k46ifwi5w42l,bafkreieg2gi7bayovimgyeiwaocwsls4rctrbnphreb5af3bpjwef7bkcy.jpg
joshnicholas.com,2023-07-29,,False,at://did:plc:3kqj3ksyfct7pip5j5dnmjcu/app.bsky.feed.post/3k3nnlonvrg2c,bafkreigzeseafhgrixhbicjn57mrei6xtgu4w5gzsqw2dlxoviqrsqfpai.jpg
joshnicholas.com,2023-07-28,Bluesky is the Twitter alternative for kiribath + pol sambol. Hopefully all the weirdos that eat it with lunumiris stay away,False,at://did:plc:3kqj3ksyfct7pip5j5dnmjcu/app.bsky.feed.post/3k3kxsvzfqk25,bafkreign6lvrjflnc3ofkqhgbrano34iia6kfqp3twvs6q74fduetv6egq.jpg
joshnicholas.com,2023-07-20,Who knew Melburnians are so literal https://www.theguardian.com/football/2023/jul/19/watch-matildas-vs-ireland-live-stream-womens-world-cup-2023-australia-where-when-27-july-how-to-what-time-tv-channel-7-full-schedule-streaming-7plus-every-game-optus-sport-fixtures,False,at://did:plc:3kqj3ksyfct7pip5j5dnmjcu/app.bsky.feed.post/3k2w3hjb2dr22,bafkreieusp5escr3qyfirscnkyfqhiqb637wh235et45lfg3eoqxt7kj2m.jpg
joshnicholas.com,2023-07-16,How much pilfered stuff in the British Museum would they give back for their Magna Carta,False,at://did:plc:3kqj3ksyfct7pip5j5dnmjcu/app.bsky.feed.post/3k2mcojo7al2e,bafkreibqx5d2weo4fen24vjlngp6omjxdu7ljzoowd7f2akqj334udxukm.jpg
joshnicholas.com,2023-07-06,Donâ€™t have Insta so had to create a new account. One of the first things I saw:,False,at://did:plc:3kqj3ksyfct7pip5j5dnmjcu/app.bsky.feed.post/3jzsugcnvmd2b,bafkreiekj4rhqdqxjf7n6doxyd4um4vcgdrep3rsyoiansjznun6ujirky.jpg
joshnicholas.com,2023-07-05,Catching up on my news feeds and wondering how well some of these headlines will age,False,at://did:plc:3kqj3ksyfct7pip5j5dnmjcu/app.bsky.feed.post/3jzqlnd5uhf25,bafkreiepyhckpj6tyhjquaje7rquvrvnz4wl5k6tih5kspg6mmu347fare.jpg
joshnicholas.com,2023-07-04,Social security + military retirement in America amount to <$30k per year? https://www.theguardian.com/us-news/2023/jul/03/california-man-guilty-social-security-scam,False,at://did:plc:3kqj3ksyfct7pip5j5dnmjcu/app.bsky.feed.post/3jzo3sahuci2h,bafkreihg3dwgcohnf5aijfj2se7sqhra72icvgojhtnvtmvh54ym626tk4.jpg
joshnicholas.com,2023-07-03,Might start a sideline painting poor likenesses of people on postcards,False,at://did:plc:3kqj3ksyfct7pip5j5dnmjcu/app.bsky.feed.post/3jzmbabbsxk2i,bafkreic35f5azqi6j5x2bz26sxaylnwjrmyw3brw3uarpjtrfo4av7aopy.jpg
joshnicholas.com,2023-07-03,Painting #28. Final one of the trip. Kuala Lumpur skyline from the hotel. Sky looking a bit ominous.,False,at://did:plc:3kqj3ksyfct7pip5j5dnmjcu/app.bsky.feed.post/3jzm5cavd232f,bafkreih4m3ya6mn2mzksqdsw6g5nvfhdttukfaxndw6xh2okivukdpy4eq.jpg
joshnicholas.com,2023-07-03,Have to forfeit my tourist privilege when I fly home tomorrow :(,False,at://did:plc:3kqj3ksyfct7pip5j5dnmjcu/app.bsky.feed.post/3jzltvfu7wn2k,bafkreigo3anls4bz6wqcku2mgubasqiucfsmvmbmh7njsxfh5exmmitvdu.jpg
joshnicholas.com,2023-07-03,How do images look on this thing?,False,at://did:plc:3kqj3ksyfct7pip5j5dnmjcu/app.bsky.feed.post/3jzlqasj6hf2q,bafkreihh4ypgq3yt3bwusc34g52vuhwhmmlmp4vu2bvjgjdruqe5su6cj4.jpg
joshnicholas.com,2023-12-27,"""Boxing Day"" is one of the top 100 trending pages on wikipedia for just a couple of days every year ðŸ¤”",False,at://did:plc:3kqj3ksyfct7pip5j5dnmjcu/app.bsky.feed.post/3khjdxq5dks2x,bafkreignpohkqovmaxi645czkz7ial445aj2m7uw2guis7nflk5ksfyuhi.jpg
joshnicholas.com,2023-12-25,Ty :) have cleaned it up a bit on subsequent passes,False,at://did:plc:3kqj3ksyfct7pip5j5dnmjcu/app.bsky.feed.post/3khe7riusnz2x,bafkreig32gqu2osp5tjz32lgt7hm7vcql2xt6zqfht7nzue7yujskqrkta.jpg
joshnicholas.com,2023-11-16,Banks and other companies really need to stop using text messages as a form of 2fa,False,at://did:plc:3kqj3ksyfct7pip5j5dnmjcu/app.bsky.feed.post/3kedhfkjpd226,bafkreiharo7olknr5yqblx7u3hhl53dzh5gzugjnpdju36gjf4efwshruq.jpg
joshnicholas.com,2023-11-08,"Have decided to grow a gigantic, scratchy beard (inktober 22)",False,at://did:plc:3kqj3ksyfct7pip5j5dnmjcu/app.bsky.feed.post/3kdpf2s47fs25,bafkreih32sbjamqge6vnslxvoyekklx5zkmsfyofrw7no7lsrabfo5txjy.jpg
joshnicholas.com,2023-11-08,@migga.bsky.social are you aggregating these numbers by any chance,False,at://did:plc:3kqj3ksyfct7pip5j5dnmjcu/app.bsky.feed.post/3kdngfpxppc25,bafkreif2udff4xsi6oiq5iokabd6ecsgx263lfjmv5gqrcfsyccof433va.jpg
joshnicholas.com,2023-11-04,We (again almost all @minoli.bsky.social) made crab curry again!,False,at://did:plc:3kqj3ksyfct7pip5j5dnmjcu/app.bsky.feed.post/3kddat3wyh62w,bafkreigixwt5w4bcsajjwzmgfepqccqmsecw5acwd25smrjysuztkz6ysy.jpg
joshnicholas.com,2023-11-03,What the hell is wrong with this city,False,at://did:plc:3kqj3ksyfct7pip5j5dnmjcu/app.bsky.feed.post/3kdctpqhcu32x,bafkreic7z77umabqro74cdghfynbfslrwhj74iw5b3z7al6fzftvzoly2y.jpg
joshnicholas.com,2023-10-26,Just absolutely hate to see it,False,at://did:plc:3kqj3ksyfct7pip5j5dnmjcu/app.bsky.feed.post/3kcoplu23yb22,bafkreibhdmqid3ua67yqagjce2ieoe33vpuwqegsmjkjcj66arizd4b3ii.jpg
joshnicholas.com,2023-10-26,And yet if any team can snatch this loss from the jaws of victory... ðŸ«£,False,at://did:plc:3kqj3ksyfct7pip5j5dnmjcu/app.bsky.feed.post/3kcnonexdrv2a,bafkreige2rhi7fsazfpuu4l4foh4w7f3ua6ug264zd34je3zpg2nmsxcna.jpg
joshnicholas.com,2023-10-23,Omg someone frame this (ignoring that Sri Lanka is 9th),False,at://did:plc:3kqj3ksyfct7pip5j5dnmjcu/app.bsky.feed.post/3kch4declsn23,bafkreihbspu3z265blge7gnqsttlo5g35f3sl4xtah6a6bfrda5r7ppnpq.jpg
joshnicholas.com,2023-10-23,"Finally took the plunge on Pineapple Internet in Melbourne cbd. This is the smallest plan, @ $59pm ðŸ¤¯",False,at://did:plc:3kqj3ksyfct7pip5j5dnmjcu/app.bsky.feed.post/3kcfl3dpe3c2u,bafkreigh4l3bnqk7u22qvbincrj2ly2y2siw36q3x4r457ut5hmzsm2f5a.jpg
joshnicholas.com,2023-10-22,Wonder who is on the other side of these transactions ðŸ¤”,False,at://did:plc:3kqj3ksyfct7pip5j5dnmjcu/app.bsky.feed.post/3kcd3hhu7ee2f,bafkreibhsvo3invjv73okm5bhf5ornouhrssapwtlewnbhk4zajvtf2d7q.jpg
joshnicholas.com,2023-10-21,Omg we (mostly @minoli.bsky.social) made crab curry!,False,at://did:plc:3kqj3ksyfct7pip5j5dnmjcu/app.bsky.feed.post/3kca3pwnyol2m,bafkreihk26yzk5uy7p6qqiysn3fd5n4xvwm4iq5jrsm6apetakzrellnda.jpg
joshnicholas.com,2023-10-03,Inktober #2: Spider,False,at://did:plc:3kqj3ksyfct7pip5j5dnmjcu/app.bsky.feed.post/3katfrs6l2x2f,bafkreicsnwyxg4vpvawn5txkot65p7yavfjvj24jyrtg6gocgygjd5lrry.jpg
joshnicholas.com,2023-09-25,Purple alley,False,at://did:plc:3kqj3ksyfct7pip5j5dnmjcu/app.bsky.feed.post/3kaat3pg4uc2g,bafkreihp3jquaismgsz5tyidi7kq2z3vhqf7ym2nqlvlgnv4owdi4fyjjy.jpg
joshnicholas.com,2023-09-22,Here we illustrate how unusual this week's South East Oz heatwave in the most Guardian fashion: using circles www.theguardian.com/australia-ne...,False,at://did:plc:3kqj3ksyfct7pip5j5dnmjcu/app.bsky.feed.post/3k7x3mjcsxn2p,bafkreiaqqxugs2r6egedvbrqlzlolog67mt45ktvylu2yk2gteenn45fiq.jpg
joshnicholas.com,2024-11-20,Spending the morning in the park drawing postcards with Sydney's true icon: the bin chicken,False,at://did:plc:3kqj3ksyfct7pip5j5dnmjcu/app.bsky.feed.post/3lbfrwbqu6s2t,bafkreiajvdauihbsqbwzjxilxbcsff2fl37bbzgxavqoy2h5iikl3ed3pm.jpg
joshnicholas.com,2024-11-19,"I'm trying to find an iOS app like Drafts (screenshotted), that allows scripting but doesn't only support plain text. I basically want to make a cross poster that supports images but that I can also add archiving to GitHub etc. in one action through a custom script. Anyone know of an app like this?",False,at://did:plc:3kqj3ksyfct7pip5j5dnmjcu/app.bsky.feed.post/3lbdghuszu22a,bafkreif65bdq6q3d53krskb64r3mhxrtcgnpboovbek6px2ofzy53nkngq.jpg
joshnicholas.com,2024-11-19,"Really messed up the perspective, but very nice morning sitting in the sun in circular quay",False,at://did:plc:3kqj3ksyfct7pip5j5dnmjcu/app.bsky.feed.post/3lbdclubyj22d,bafkreifraefgtr6mumuki63m4cvrtck72tf7ofvzy4lh33mlmhpe3pxevu.jpg
joshnicholas.com,2024-11-19,"Welcome to Sydney, Josh",False,at://did:plc:3kqj3ksyfct7pip5j5dnmjcu/app.bsky.feed.post/3lbbo3i57ts23,bafkreidso3jsiykx5wafxxfk63rau6crlpbhdtw2lklcgozqanivqgkwbe.jpg
joshnicholas.com,2024-11-18,ðŸŽ¶ Leavin on a jet plane (the damn thing left before I could finish drawing)â€¦ also realised I forgot to pack my paints :(,False,at://did:plc:3kqj3ksyfct7pip5j5dnmjcu/app.bsky.feed.post/3lbavqzk4pb2i,bafkreiggtt4v7ka4wcfthn37acsu3qdvbubdv2ahekvnbujjvwr2vwbsjm.jpg
joshnicholas.com,2024-11-18,"Without migration, the population of high-income countries would shrink ourworldindata.org/data-insiâ€¦",False,at://did:plc:3kqj3ksyfct7pip5j5dnmjcu/app.bsky.feed.post/3lb73bdtrsk2s,bafkreigmjil5dw7fbxbq76wjgcxnpq4zk3hm3dzie547iqvol46x5xxnce.jpg
joshnicholas.com,2024-11-16,Starting to understand the weird perspective around Flinders station,False,at://did:plc:3kqj3ksyfct7pip5j5dnmjcu/app.bsky.feed.post/3laznxyex3v2b,bafkreigbt4b3ods3xqkiwmtzlsfu75c5wkj62iu4wl7vl3jlpt3fpkeujy.jpg
joshnicholas.com,2024-11-15,The Sri Lankan election results are gobsmacking. NPP a super majority and SLPP are on ~3% with not much left to count. And so many of the old guard have been cleared out,False,at://did:plc:3kqj3ksyfct7pip5j5dnmjcu/app.bsky.feed.post/3laxn64owek26,bafkreihgyf4ji4i24tcuovvsx57xkihw6j3lvvludj63i5qcd6tmpc2mdu.jpg
joshnicholas.com,2024-11-12,Pol sambol toasties: the real breakfast of champions,False,at://did:plc:3kqj3ksyfct7pip5j5dnmjcu/app.bsky.feed.post/3larrfqp5ks2r,bafkreif7af6dxyb5pefakyep7tk7dorvmeaa4hf3o7yu5ihttawgoytaiu.jpg
joshnicholas.com,2024-11-12,First time life drawing in a few months. Very rusty.,False,at://did:plc:3kqj3ksyfct7pip5j5dnmjcu/app.bsky.feed.post/3laqm436vk42h,bafkreiebohrq4n4ejraii2anjgtmmphcxh5a6sdqpipvmf4gg5m2kixequ.jpgbafkreifvx3xzdn6gjuqoj5ctpjiazz3cvyumtfezsk4yi5xguwh5hc5lmy.jpgbafkreif3rpyieutdmmvitjbvogtftp5wvrtc3bzvwusnvqhx4tgoln5qqa.jpg
joshnicholas.com,2024-11-03,Didnâ€™t quite get the perspective,False,at://did:plc:3kqj3ksyfct7pip5j5dnmjcu/app.bsky.feed.post/3l7z3dsqkuz2c,bafkreigm4waafsvctje6ftiymkjwgywd6c76bfwtme55hd4n7upkfthyue.jpg
joshnicholas.com,2024-11-01,Another Flinders. Back to watercolour this time,False,at://did:plc:3kqj3ksyfct7pip5j5dnmjcu/app.bsky.feed.post/3l7w366ksfq2l,bafkreihfpg4iisgb2nusyrklg75knvf6iu3zlxrz75hyouoawnsndykqfu.jpg
joshnicholas.com,2024-10-28,Never really understood cut flowers. But Iâ€™m really growing to like them,False,at://did:plc:3kqj3ksyfct7pip5j5dnmjcu/app.bsky.feed.post/3l7lyf4lyyw27,bafkreie742lcdchb7cwvq53t73cpovf7u7lxmadjwxywimfas3oxrdglem.jpg
joshnicholas.com,2024-10-24,Some of these multiples between perception and realityâ€¦,False,at://did:plc:3kqj3ksyfct7pip5j5dnmjcu/app.bsky.feed.post/3l7c24hnxiv2x,bafkreiaggjidhkk6gje7whnm7gxchdp5pmjbfmasmkywqqfpn3etrtmes4.jpg
joshnicholas.com,2024-10-20,"Not only is the hardcover cheaper than the ebook, itâ€™s cheaper to get a hardcover shipped from overseas",False,at://did:plc:3kqj3ksyfct7pip5j5dnmjcu/app.bsky.feed.post/3l6vqq4hjld2j,bafkreiapznythtl276a5445zaa66wrucidqgrkgtqq4x7z6zbgtrsqud6a.jpg
joshnicholas.com,2024-10-19,Another Flinders scribble. Struggling with the foreground,False,at://did:plc:3kqj3ksyfct7pip5j5dnmjcu/app.bsky.feed.post/3l6vnm4tggg2j,bafkreiapks4fqw5y7x2g4rb2kgk5eam3xlcskekv4ly5vdpx2kfapouo64.jpg
joshnicholas.com,2024-10-18,Flinders station,False,at://did:plc:3kqj3ksyfct7pip5j5dnmjcu/app.bsky.feed.post/3l6sudvn4v425,bafkreiek36f2r7xyio7lckx6qncuwnnicmxjf7p4twzsceyp3gnlll2mi4.jpg
joshnicholas.com,2024-10-14,Girl in a purple earring,False,at://did:plc:3kqj3ksyfct7pip5j5dnmjcu/app.bsky.feed.post/3l6hiewaebs24,bafkreientexux23gbgzdgsfazrjf6add747eya6yaahcv4avpdhjqqanni.jpg
joshnicholas.com,2024-10-13,Waiting for the train home,False,at://did:plc:3kqj3ksyfct7pip5j5dnmjcu/app.bsky.feed.post/3l6efpcdgfc2b,bafkreibkypcvw4ahf4yybzrrkwfff5iy5h2tsust7ppbo4ahqnkop2ep7e.jpg
joshnicholas.com,2024-10-13,"Lovely, warm weekend away. I scribbled the old post office.",False,at://did:plc:3kqj3ksyfct7pip5j5dnmjcu/app.bsky.feed.post/3l6e4woxej32u,bafkreih4qckzdswrduprrxk36drj6zkynusmdgeexlppiy4gknhrlczw2q.jpg
joshnicholas.com,2024-10-08,Australia and New Zealand have begun conscious uncoupling,False,at://did:plc:3kqj3ksyfct7pip5j5dnmjcu/app.bsky.feed.post/3l5zwrdvqzr2y,bafkreiewtkka3lwprvfdwyv6rfuncchihdxodvujm4wzg62m3usalcqhwy.jpg
joshnicholas.com,2024-10-07,Ha normally me too but I'm trying to make a new profile pic since I cut my hair! This one is closer but still a bit off. I'm mostly just luxuriating in the green and orange tbh,False,at://did:plc:3kqj3ksyfct7pip5j5dnmjcu/app.bsky.feed.post/3l5x7othfmr2v,bafkreidbh3mvdidhkso2vlhwwm6dxspjndcqyatjna4xe3nc7uk5vttfdi.jpg
joshnicholas.com,2024-10-07,Started off as a self portrait. I lost the likeness along the way but kept running with itâ€¦,False,at://did:plc:3kqj3ksyfct7pip5j5dnmjcu/app.bsky.feed.post/3l5x76remgu2r,bafkreigxc2r2nhn6dlxyoauy6kbeotpz3jeduu6e4o57vhdwvlirouv6ai.jpg
joshnicholas.com,2024-10-05,Should probably figure out what these flowers are called,False,at://did:plc:3kqj3ksyfct7pip5j5dnmjcu/app.bsky.feed.post/3l5scum22em2v,bafkreicyd6afayndtzv44dhdfq4jdv3yywlugby34qavtt2ylhzyyvd35u.jpg
joshnicholas.com,2024-10-05,Can make some really lovely colours with this new palette,False,at://did:plc:3kqj3ksyfct7pip5j5dnmjcu/app.bsky.feed.post/3l5s4ac5u7r24,bafkreiabpydsj5rgdm4c2uucngav4al34334xqeqn5w4lht3vgsbv6sbgu.jpg
joshnicholas.com,2024-10-05,Making myself old again,False,at://did:plc:3kqj3ksyfct7pip5j5dnmjcu/app.bsky.feed.post/3l5s43hyldr23,bafkreidvpkbwlyx4j5lvpbqgetmnvrp6c3egjj5tma4xykkpfhpinldlje.jpg
joshnicholas.com,2024-10-05,Got some new gouache,False,at://did:plc:3kqj3ksyfct7pip5j5dnmjcu/app.bsky.feed.post/3l5qmym75q72f,bafkreifnvattjdidico4b3q3no45juxyhrq5atwse2mlyhhvwx2i6w3gfm.jpg
joshnicholas.com,2024-10-01,Forgot to post this yesterday: Inktober 1,False,at://did:plc:3kqj3ksyfct7pip5j5dnmjcu/app.bsky.feed.post/3l5i6nwmveh2o,bafkreidvzuiil7myxbwrqjaix7f3bc5gldqnssjjd3maq5ragzk6m46e4q.jpg
joshnicholas.com,2024-09-28,A most sunny day,False,at://did:plc:3kqj3ksyfct7pip5j5dnmjcu/app.bsky.feed.post/3l56okhisvi2p,bafkreigop2h2kgxaxwita7dso5ram2ik53yhwpqsg5i7sprg4onzvkq7gi.jpg
joshnicholas.com,2024-09-27,Think I got this likeness,False,at://did:plc:3kqj3ksyfct7pip5j5dnmjcu/app.bsky.feed.post/3l5633fq64n2b,bafkreiepdhbobg7kgqllalhxn56oof4qjiqetx3373qsmx4x6dlazx2tyu.jpg
joshnicholas.com,2024-09-27,"At first glance an Australian F1 Driver has been replaced by a New Zealander, but I think we can all agree Liam Lawson is as Australian as pavlova",False,at://did:plc:3kqj3ksyfct7pip5j5dnmjcu/app.bsky.feed.post/3l543ae6eow2b,bafkreidae73ybm7er7vv6pa3fcth3wbsym3big54k2k4suqxyyktjqkxxu.jpg
joshnicholas.com,2024-09-26,Ebook pricing just does not make any sense,False,at://did:plc:3kqj3ksyfct7pip5j5dnmjcu/app.bsky.feed.post/3l53pdsaodf25,bafkreia4wyysj4tp5sa5ygyvhbcrak2546x4qvemlni6x46xfl4g74gi3e.jpg
joshnicholas.com,2024-09-24,Going through a bobble head phase,False,at://did:plc:3kqj3ksyfct7pip5j5dnmjcu/app.bsky.feed.post/3l4vdhcvlxv2p,bafkreidqdhz6hhpyti57idet4psoy5n6lsdmnqxrwfag7jfv4nhwsolnte.jpg
joshnicholas.com,2024-09-23,Using up all this blue is taking foooooreeevvvaaa,False,at://did:plc:3kqj3ksyfct7pip5j5dnmjcu/app.bsky.feed.post/3l4u2jiw2dc24,bafkreidukgfwfd5ckjqwpw6uyntilw6tevardlwr3hucabuwhelofhy2ii.jpg
joshnicholas.com,2024-09-18,Have somehow drawn myself so poorly I look like my grandpa,False,at://did:plc:3kqj3ksyfct7pip5j5dnmjcu/app.bsky.feed.post/3l4hfmevrs62o,bafkreiagdplo6mribudlvkdjmxlwvqfzzcuvoc357ek4v75ihn3yhhkhqi.jpg
joshnicholas.com,2024-09-17,The sun is out!!!,False,at://did:plc:3kqj3ksyfct7pip5j5dnmjcu/app.bsky.feed.post/3l4eycju56u2t,bafkreicmt5uyshtsi3lvtzlhpdky5qteukqxoweaojwb3wlxsh6yakbvaq.jpg
joshnicholas.com,2024-09-14,Escaping the rain,False,at://did:plc:3kqj3ksyfct7pip5j5dnmjcu/app.bsky.feed.post/3l43ggxnqi42w,bafkreicok4uq23266oip4p2x7dtwewtdrkr7ibtpxgr4jpe76tpa76opcu.jpg
joshnicholas.com,2024-09-14,Train sketching. The guy left before it was done :(,False,at://did:plc:3kqj3ksyfct7pip5j5dnmjcu/app.bsky.feed.post/3l4375fcorv2i,bafkreidddjr6vbolhwsqzyoj55k6iwojwomrqdzrtk4yuibni2igiwasqe.jpg
joshnicholas.com,2024-09-06,It rose!,False,at://did:plc:3kqj3ksyfct7pip5j5dnmjcu/app.bsky.feed.post/3l3jikanw2c2g,bafkreigbqglxnyud7dzwyfpuicncrcysszcvngzgrpuhcsttoxtlomkc4y.jpg
joshnicholas.com,2024-09-04,Trying to get back into live drawing,False,at://did:plc:3kqj3ksyfct7pip5j5dnmjcu/app.bsky.feed.post/3l3egekvsj52g,bafkreifecgzr3s35nmeke42ut2pyesyrdlwx676djg2v7f4tvsyapaatdm.jpg
joshnicholas.com,2024-09-03,Havenâ€™t been posting many scribbles. Am practicing drawing people again,False,at://did:plc:3kqj3ksyfct7pip5j5dnmjcu/app.bsky.feed.post/3l3btru3v6227,bafkreia4w22oo7glvdswgknbwdmvka3ykpvkgnwxnhx5xgz43pupa4lvl4.jpgbafkreihnrk3g2txh2hlm2jajpwvvnyons4mxex3farlqswewbo4yocyw5u.jpgbafkreiglurzsopml6ofqa3vbil7m5wnzdslymsbug34pv26k5jvnk3z3vi.jpg
joshnicholas.com,2024-08-22,Devastating by @fionakatauskas.bsky.social www.theguardian.com/commentisfre...,False,at://did:plc:3kqj3ksyfct7pip5j5dnmjcu/app.bsky.feed.post/3l2bk3eqnxj2e,bafkreihfhqujrh4pecu4yxbflh26vh6t5gybk762ei4cxbrxm6jqdbfb64.jpg
joshnicholas.com,2024-08-21,Wow. The damage to Teslaâ€™s brand in Australia since Musk bought Twitter www.abc.net.au/news/scieâ€¦,False,at://did:plc:3kqj3ksyfct7pip5j5dnmjcu/app.bsky.feed.post/3l2b6r7yefl2n,bafkreibt7snaxcnw7tqltozrqck3enaj4uvrlm3nmjqrki2t2ziz3rg5am.jpg
joshnicholas.com,2024-08-20,Increasingly clear the only reason people have hands and feet is to mess with me when Iâ€™m drawing,False,at://did:plc:3kqj3ksyfct7pip5j5dnmjcu/app.bsky.feed.post/3l26klrxsk52p,bafkreibe55bjmbvgarbaxdiz64gjmlqm66svxfeih4cbe5vl7s7jll6ddi.jpg
joshnicholas.com,2024-08-18,Finally getting warm enough to do some city scribbling before work,False,at://did:plc:3kqj3ksyfct7pip5j5dnmjcu/app.bsky.feed.post/3kzzn6q5a6l2q,bafkreigan3vwswtwlafboqtxytplybexfn6x6o3ycnuu5x6khduqkostgy.jpgbafkreicsgyskeaf67vif6x5cugqrirubrln2cv3ytw3qixb3iber2yhfv4.jpgbafkreie5ojozuuhzat2eeh55ruggfvu5ekgf3ryfnoun52dzwod6ddty44.jpg
joshnicholas.com,2024-04-27,Maybe I should get pink uggs,False,at://did:plc:3kqj3ksyfct7pip5j5dnmjcu/app.bsky.feed.post/3kr3pyrip4t2n,bafkreibgneoajsassepaqoulktgmxmvktcxvidsvlxoieb5c2zng57ni3u.jpg
joshnicholas.com,2024-04-24,Itâ€™s getting cold :(,False,at://did:plc:3kqj3ksyfct7pip5j5dnmjcu/app.bsky.feed.post/3kqvtrqvjrs2p,bafkreib46nhjrieciwrsfjb7dfm2jsm5oqkl6m6smwnwomjf55xkd3tjdu.jpgbafkreiagoov4rl3fyy6qrhcus2amirwqamqxaavll74t7flenpiaidqg7q.jpg
joshnicholas.com,2024-04-22,I scribbled a tree,False,at://did:plc:3kqj3ksyfct7pip5j5dnmjcu/app.bsky.feed.post/3kqowp2otks2b,bafkreib22guhe7l5jja5bghesjyhfv23ef6xqw47h43qyc37sdacrgyduu.jpg
joshnicholas.com,2024-04-20,Went to Carlton today,False,at://did:plc:3kqj3ksyfct7pip5j5dnmjcu/app.bsky.feed.post/3kqkc26ylrs2n,bafkreif4xnqix7azciovnt56xz6s5svli62qf22pjxwlfklrrqemrtmaay.jpg
joshnicholas.com,2024-04-19,Might get some new flowers today,False,at://did:plc:3kqj3ksyfct7pip5j5dnmjcu/app.bsky.feed.post/3kqjczlj73s2y,bafkreifnegtbdqmz6msomlhgvxovsg67qn3kucedh5lt3x7jdn24wsfyla.jpg
joshnicholas.com,2024-04-18,Red and yellow and red and yellow,False,at://did:plc:3kqj3ksyfct7pip5j5dnmjcu/app.bsky.feed.post/3kqer6vlpsw2r,bafkreic2po5ehhi2nt5cnqkhjlc2g5xwjnbvysqoggkqs7ld3tmgw7nvya.jpg
joshnicholas.com,2024-04-17,Morning coffee 2,False,at://did:plc:3kqj3ksyfct7pip5j5dnmjcu/app.bsky.feed.post/3kqcsllp3zx2y,bafkreia5s2vdt2zzajmk2nxl776spsv6uovad3wxwt2dnmxwnes2zox5ry.jpg
joshnicholas.com,2024-04-14,Morning coffee 1,False,at://did:plc:3kqj3ksyfct7pip5j5dnmjcu/app.bsky.feed.post/3kq4r5x74je2l,bafkreieii7z6pyumh76rp3hl2es4o5osmr2ky5b7q3g6ilxwbkx4tyd4f4.jpg
joshnicholas.com,2024-04-12,Yet more phones,False,at://did:plc:3kqj3ksyfct7pip5j5dnmjcu/app.bsky.feed.post/3kpxoe7zdmv2z,bafkreiguqtveaxoyopxxr6smxs2sjqeiujso3fprtmaf3hynljmyzqlygq.jpg
joshnicholas.com,2024-04-10,Across from southern cross,False,at://did:plc:3kqj3ksyfct7pip5j5dnmjcu/app.bsky.feed.post/3kpsqundvcu2q,bafkreiajjl5mi22haoltosmdrndhj6g2si3dqhaiakdvdikuskkc2vt6re.jpg
joshnicholas.com,2024-04-08,Still trying to get my head around using gouache,False,at://did:plc:3kqj3ksyfct7pip5j5dnmjcu/app.bsky.feed.post/3kpnoatexdv2v,bafkreib7cu334heiytz6wk23yvfvvyvgiyxms3z6ufdvrggb4gpjuhyayq.jpg
joshnicholas.com,2024-04-07,Nice sky today,False,at://did:plc:3kqj3ksyfct7pip5j5dnmjcu/app.bsky.feed.post/3kpl5nzov7j26,bafkreifsuculjcuocokhy5bd4qeotcbahyse7b6loc4lsqmst245uc3pc4.jpg
joshnicholas.com,2024-04-01,Decided to challenge Rembrandt for self portrait king,False,at://did:plc:3kqj3ksyfct7pip5j5dnmjcu/app.bsky.feed.post/3kp3xpmlkoo2a,bafkreigyn3w2rojzrssthrm3educyk4tqmwpilgyw25rfiizagjthkozty.jpg
joshnicholas.com,2024-03-31,Barrelling towards winter so weâ€™re getting lovely sunsets again,False,at://did:plc:3kqj3ksyfct7pip5j5dnmjcu/app.bsky.feed.post/3koy7dauoml2c,bafkreigfdhkqmp7aldj7chk7rirxvfklkotrdk5kid5fgqpxvsfnhfjv3m.jpg
joshnicholas.com,2024-03-29,Lovely sun today,False,at://did:plc:3kqj3ksyfct7pip5j5dnmjcu/app.bsky.feed.post/3kosujuu3v62b,bafkreihzicnne7vbbtnpc4az5cwwirbktw2b65hlk27p423umv2yklw3sq.jpg
joshnicholas.com,2024-03-27,Bit of a fresh morning,False,at://did:plc:3kqj3ksyfct7pip5j5dnmjcu/app.bsky.feed.post/3kopgge7qnv2j,bafkreib7r6syhhlysqyybpbyth2cir5emexwlvoonyd6b6bo22mdrivuo4.jpg
joshnicholas.com,2024-03-26,New profile pic just dropped,False,at://did:plc:3kqj3ksyfct7pip5j5dnmjcu/app.bsky.feed.post/3komwyrexco2r,bafkreibz2cb6qppo4hhyoxfo6y66noyt4ssys7awir4j2bnwwzeydm35bm.jpg
joshnicholas.com,2024-03-25,Hadnâ€™t done a portrait in a while,False,at://did:plc:3kqj3ksyfct7pip5j5dnmjcu/app.bsky.feed.post/3kokegne5ku2x,bafkreidx6lwcvgydrpm3m7ni27mxz3ejxueihgkavpxdhfdigsqsmebilu.jpg
joshnicholas.com,2024-03-20,It sprung! ðŸ˜€,False,at://did:plc:3kqj3ksyfct7pip5j5dnmjcu/app.bsky.feed.post/3ko5nyfkpqd2b,bafkreidlllqahqlqzc7l42py7ctuqo44hcy42s4duqnhmyyjcuh2c6ck3e.jpg
joshnicholas.com,2024-03-16,Quick scribble before we get on the ferry,False,at://did:plc:3kqj3ksyfct7pip5j5dnmjcu/app.bsky.feed.post/3kntxsh3vxs2r,bafkreieqgkyltbx6of5lkrqxju5c5slshwx3bpjtnjf7swkt3nhhpfmufq.jpg
joshnicholas.com,2024-03-16,Bloody impossible to paint when itâ€™s so sunny. Everything just dried immediately,False,at://did:plc:3kqj3ksyfct7pip5j5dnmjcu/app.bsky.feed.post/3kns44cutt22x,bafkreibhdd4k33tbfefhrixcxb6qeun35hhzcepdfsnm6cufd666uom4g4.jpg
joshnicholas.com,2024-03-16,Very sunny Phillip island today,False,at://did:plc:3kqj3ksyfct7pip5j5dnmjcu/app.bsky.feed.post/3knrkcevghk2j,bafkreigrd4cmhw77h55puybhdrr4cqn5ie3lepp6rgd2vlla2tnyjmr6l4.jpg
joshnicholas.com,2024-03-15,Phillip Island is gorgeous,False,at://did:plc:3kqj3ksyfct7pip5j5dnmjcu/app.bsky.feed.post/3knpfbw5mo226,bafkreiga5o42r3jefobqhezyon635hkufyukg7pztjs7ppkfqcl6mrrrqu.jpg
joshnicholas.com,2024-03-14,"Perks of being 6""4: the shower in this airbnb is below my chin and the bed has a bar on the end in line with my lower calves. Going to be a fun night",False,at://did:plc:3kqj3ksyfct7pip5j5dnmjcu/app.bsky.feed.post/3knnfmr3fak2v,bafkreidyw33hu34ughb5yhco4nlcxaps4mgw5ucnzuaic7ro5lnsg57nk4.jpg
joshnicholas.com,2024-03-09,Amazing the Sri Lankan treats we can buy in Melbourne,False,at://did:plc:3kqj3ksyfct7pip5j5dnmjcu/app.bsky.feed.post/3kncg7qukdk2d,bafkreief37ahfvtkok6ega6nm6ryt7nphrbwfuikabxtc3lj2frx2vprge.jpgbafkreicvqq3gkgck52e5jeta3v33w67sfgganeocjxyouy7aax4m5zxwji.jpg
joshnicholas.com,2024-03-08,First attempt at sourdough didnâ€™t rise :(,False,at://did:plc:3kqj3ksyfct7pip5j5dnmjcu/app.bsky.feed.post/3kn7qxaitzs2b,bafkreibp5kyp76a5esy7i2lkaxbnuwb3k5jjdbpoep2n7jovxhcgyyh7qq.jpg
joshnicholas.com,2024-03-03,For weeks after my brain surgery I couldnâ€™t tolerate loud noises or bright light. Iâ€™d walk around the house not remembering what I was doing. Cant imagine the added stress of losing income,False,at://did:plc:3kqj3ksyfct7pip5j5dnmjcu/app.bsky.feed.post/3kmt2euebru2k,bafkreigjtj44dhjjdubfvp72tlfrut6mqhnh2a3xawkaga3ud2exhootwq.jpg
joshnicholas.com,2024-03-01,ðŸ˜ ok Iâ€™m starting to get some consistency now,False,at://did:plc:3kqj3ksyfct7pip5j5dnmjcu/app.bsky.feed.post/3kmnxjowx2r2f,bafkreietgooajiglvqqfqc2dw3jm5k46f5uz5qfwhgi46n5v5u2rx456eq.jpg
joshnicholas.com,2024-02-28,ðŸ˜±,False,at://did:plc:3kqj3ksyfct7pip5j5dnmjcu/app.bsky.feed.post/3kmhqeo6f2c2w,bafkreiaujxulj3ycos7aolxy53gmr6ax54qv7qyqnkpvooca3x7biq3xq4.jpg
joshnicholas.com,2024-02-26,This city makes no sense,False,at://did:plc:3kqj3ksyfct7pip5j5dnmjcu/app.bsky.feed.post/3kmdrus322k2q,bafkreigglaq2rk7aw566zg6pwthyivt6iofhj2kmaqkxkpja5vmf4zaaum.jpg
joshnicholas.com,2024-11-22,lol never considered how they clean the cockpit windscreen,False,at://did:plc:3kqj3ksyfct7pip5j5dnmjcu/app.bsky.feed.post/3lbj4vlizpc2p,bafkreihxe76ngzrez4kkouwtg2gr7g23z4pikt5if4jgh32qxjp5suypme.jpg
joshnicholas.com,2024-11-21,Really recommend drawing on postcards while travelling. Enormous fun and much lower commitment than a full scribble,False,at://did:plc:3kqj3ksyfct7pip5j5dnmjcu/app.bsky.feed.post/3lbie55tfws25,bafkreicc6rmi276zvv7bl5i5g3tau7xpymh3jvmfdgf2y7iqymhg3habxi.jpg
joshnicholas.com,2024-11-21,"Last morning in Sydney! Spending it in the sun in Martin Place drawing Sydney's true icon: people walking down the street very fast (kinda hard to draw, slow down pls)",False,at://did:plc:3kqj3ksyfct7pip5j5dnmjcu/app.bsky.feed.post/3lbida7oe7225,bafkreiejmjdmca2piudfaixqx556lh5va6fgr2vqfe4dzhmancy2psru2i.jpg
joshnicholas.com,2024-11-22,Home again #scribble,False,at://did:plc:3kqj3ksyfct7pip5j5dnmjcu/app.bsky.feed.post/3lbkvrmbwds2i,bafkreidom5jvw4ypacxefa2aewm6y5p6bslim76cvylm7cd554lxt6whta.jpg
